id_student,title_branch
14010696434,Master Réseau & Télécoms
14010696447,Master Réseau & Télécoms
14010696481,Master Réseau & Télécoms
14010696498,Master Réseau & Télécoms
14010696505,Master Réseau & Télécoms
14010696540,Master Génie Informatique
14010796545,Master Réseau & Télécoms
14010796547,Master Réseau & Télécoms
14010796567,Master Réseau & Télécoms
14010796569,Master Réseau & Télécoms
14010796586,Master Génie Informatique
14010796594,Master Réseau & Télécoms
14010796614,Master Réseau & Télécoms
14010796643,Master Réseau & Télécoms
14010796644,Master Réseau & Télécoms
14010796647,Master Réseau & Télécoms
14010796651,Master Réseau & Télécoms
14010796671,Master Réseau & Télécoms
14010896695,Master Réseau & Télécoms
14010896700,Master Génie Informatique
14010896701,Master Génie Informatique
14010896703,Master Réseau & Télécoms
14010896717,Master Génie Informatique
14010896719,Master Génie Informatique
14010896720,Master Réseau & Télécoms
14010896722,Master Réseau & Télécoms
14010896723,Master Génie Informatique
14010896727,Master Génie Informatique
14010896729,Master Réseau & Télécoms
14010896733,Master Génie Informatique
14010896734,Master Génie Informatique
14010896735,Master Réseau & Télécoms
14010896737,Master Réseau & Télécoms
14010896738,Master Réseau & Télécoms
14010896747,Master Génie Informatique
14010896757,Master Réseau & Télécoms
14010896759,Master Réseau & Télécoms
14010896761,Master Réseau & Télécoms
14010896762,Master Génie Informatique
14010896764,Master Génie Informatique
14010896765,Master Réseau & Télécoms
14010896766,Master Réseau & Télécoms
14010896768,Master Réseau & Télécoms
14010896781,Master Réseau & Télécoms
14010896787,Master Réseau & Télécoms
14010896790,Master Réseau & Télécoms
14010896794,Master Génie Informatique
14010896797,Master Réseau & Télécoms
14010896799,Master Réseau & Télécoms
14010896803,Master Génie Informatique
14010896806,Master Réseau & Télécoms
14010896814,Master Génie Informatique
14010896824,Master Réseau & Télécoms
14010896825,Master Réseau & Télécoms
14010896830,Master Réseau & Télécoms
14010896831,Master Réseau & Télécoms
14010896834,Master Réseau & Télécoms
14010896835,Master Génie Informatique
14010896836,Master Réseau & Télécoms
14010896837,Master Génie Informatique
14010896841,Master Réseau & Télécoms
14010896843,Master Réseau & Télécoms
14010896847,Master Génie Informatique
14010896855,Master Génie Informatique
14010896857,Master Réseau & Télécoms
14010896858,Master Génie Informatique
14010896860,Master Réseau & Télécoms
14010896862,Master Réseau & Télécoms
14010996874,Master Génie Informatique
14010996875,Master Réseau & Télécoms
14010996877,Master Génie Informatique
14010996878,Master Réseau & Télécoms
14010996886,Master Génie Informatique
14010996892,Master Réseau & Télécoms
14010996894,Master Génie Informatique
14010996896,Master Génie Informatique
14010996899,Master Réseau & Télécoms
14010996901,Master Génie Informatique
14010996902,Master Réseau & Télécoms
14010996903,Master Réseau & Télécoms
14010996905,Master Réseau & Télécoms
14010996914,Master Réseau & Télécoms
14010996921,Master Réseau & Télécoms
14010996923,Master Réseau & Télécoms
14010996929,Master Génie Informatique
14010996934,Master Réseau & Télécoms
14010996939,Master Réseau & Télécoms
14010996940,Master Réseau & Télécoms
14010996948,Master Génie Informatique
14010996950,Master Génie Informatique
14010996952,Master Génie Informatique
14010996953,Master Génie Informatique
14010996954,Master Génie Informatique
14010996970,Master Réseau & Télécoms
14011097152,Master Génie Logiciel
14011097177,Master Génie Informatique
14011097203,Master Génie Logiciel
14011097274,Master Réseau & Télécoms
14011097276,Master Réseau & Télécoms
14011097290,Master Génie Logiciel
14011097300,Master Génie Informatique
14011097339,Master Réseau & Télécoms
14011097354,Master Génie Informatique
14011097363,Master Génie Informatique
14011097368,Master Réseau & Télécoms
14011097372,Master Génie Informatique
14011097377,Master Réseau & Télécoms
14011097400,Master Réseau & Télécoms
14011097401,Master Génie Informatique
14011097402,Master Réseau & Télécoms
14011097416,Master Réseau & Télécoms
14011097420,Master Réseau & Télécoms
14011097422,Master Génie Informatique
14011097441,Master Génie Informatique
14011097448,Master Génie Informatique
14011097456,Master Réseau & Télécoms
14011097462,Master Réseau & Télécoms
14011097465,Master Génie Informatique
14011097471,Master Réseau & Télécoms
14011097473,Master Réseau & Télécoms
14011097478,Master Réseau & Télécoms
14011097482,Master Réseau & Télécoms
14011097484,Master Réseau & Télécoms
14011097496,Master Réseau & Télécoms
14011097502,Master Génie Informatique
14011097505,Master Réseau & Télécoms
14011097518,Master Génie Informatique
14011097527,Master Réseau & Télécoms
14011097531,Master Réseau & Télécoms
14011097543,Master Génie Informatique
14011097544,Master Réseau & Télécoms
14011097546,Master Génie Informatique
14011097549,Master Réseau & Télécoms
14011097564,Master Réseau & Télécoms
14011097599,Master Réseau & Télécoms
14011097606,Master Réseau & Télécoms
14011097615,Master Réseau & Télécoms
14011097616,Master Réseau & Télécoms
14011097617,Master Réseau & Télécoms
14011097629,Master Réseau & Télécoms
14011097631,Master Réseau & Télécoms
14011097632,Master Réseau & Télécoms
14011097634,Master Génie Informatique
14011097786,Master Génie Informatique
14011197795,Master Réseau & Télécoms
14011197798,Master Génie Informatique
14011197808,Master Réseau & Télécoms
14011197810,Master Réseau & Télécoms
14011197816,Master Génie Logiciel
14011197866,Master Réseau & Télécoms
14011197872,Master Réseau & Télécoms
14011197876,Master Réseau & Télécoms
14011197877,Master Réseau & Télécoms
14011197914,Master Réseau & Télécoms
14011197918,Master Réseau & Télécoms
14011197922,Master Génie Informatique
14011197923,Master Génie Informatique
14011197936,Master Réseau & Télécoms
14011197939,Master Réseau & Télécoms
14011197947,Master Réseau & Télécoms
14011197960,Master Réseau & Télécoms
14011197966,Master Réseau & Télécoms
14011197977,Master Réseau & Télécoms
14011197979,Master Réseau & Télécoms
14011197993,Master Réseau & Télécoms
14011197999,Master Réseau & Télécoms
14011198007,Master Réseau & Télécoms
14011198010,Master Réseau & Télécoms
14011198012,Master Réseau & Télécoms
14011198033,Master Réseau & Télécoms
14011198041,Master Réseau & Télécoms
14011198072,Master Génie Logiciel
14011198084,Master Réseau & Télécoms
14011198091,Master Réseau & Télécoms
14011198101,Master Génie Logiciel
14011198103,Master Réseau & Télécoms
14011198113,Master Réseau & Télécoms
14011198116,Master Réseau & Télécoms
14011198136,Master Génie Informatique
14011198153,Master Réseau & Télécoms
14011198174,Master Génie Informatique
14011198180,Master Réseau & Télécoms
14011198183,Master Réseau & Télécoms
14011198192,Master Génie Logiciel
14011198194,Master Réseau & Télécoms
14011198198,Master Génie Informatique
14011198214,Master Réseau & Télécoms
14011198216,Master Génie Logiciel
14011198242,Master Génie Informatique
14011198256,Master Réseau & Télécoms
14011198259,Master Réseau & Télécoms
14011198260,Master Génie Informatique
14011198267,Master Réseau & Télécoms
14011198282,Master Réseau & Télécoms
14011198357,Master Génie Logiciel
14011198386,Master Génie Informatique
14011198392,Master Réseau & Télécoms
14011198396,Master Réseau & Télécoms
14011198397,Master Génie Logiciel
14011198402,Master Génie Informatique
14011198409,Master Réseau & Télécoms
14011198410,Master Réseau & Télécoms
14011198412,Master Génie Logiciel
14011198435,Master Réseau & Télécoms
14011198436,Master Génie Informatique
14011198438,Master Réseau & Télécoms
14011198452,Master Génie Logiciel
14011198465,Master Réseau & Télécoms
14011198466,Master Génie Informatique
14011198467,Master Réseau & Télécoms
14011198475,Master Réseau & Télécoms
14011198476,Master Réseau & Télécoms
14011198477,Master Réseau & Télécoms
14011198484,Master Réseau & Télécoms
14011198487,Master Réseau & Télécoms
14011198497,Master Génie Logiciel
14011198501,Master Réseau & Télécoms
14011198503,Master Réseau & Télécoms
14011198504,Master Réseau & Télécoms
14011198511,Master Réseau & Télécoms
14011198512,Master Génie Informatique
14011198520,Master Génie Informatique
14011198521,Master Génie Informatique
14011198524,Master Génie Logiciel
14011198526,Master Génie Informatique
14011198530,Master Génie Logiciel
14011198544,Master Réseau & Télécoms
14011198545,Master Réseau & Télécoms
14011198566,Master Génie Informatique
14011198577,Master Réseau & Télécoms
14011198581,Master Réseau & Télécoms
14011198582,Master Génie Informatique
14011198583,Master Réseau & Télécoms
14011198588,Master Génie Informatique
14011198589,Master Génie Logiciel
14011198610,Master Génie Informatique
14011298615,Master Réseau & Télécoms
14011298617,Master Génie Informatique
14011298622,Master Réseau & Télécoms
14011298627,Master Génie Logiciel
14011298636,Master Réseau & Télécoms
14011298637,Master Génie Logiciel
14011298645,Master Génie Logiciel
14011298662,Master Génie Informatique
14011298667,Master Génie Logiciel
14011298668,Master Réseau & Télécoms
14011298670,Master Génie Informatique
14011298672,Master Génie Informatique
14011298682,Master Génie Informatique
14011298686,Master Génie Logiciel
14011298687,Master Réseau & Télécoms
14011298688,Master Génie Informatique
14011298696,Master Réseau & Télécoms
14011298705,Master Réseau & Télécoms
14011298706,Master Génie Informatique
14011298710,Master Génie Informatique
14011298711,Master Génie Informatique
14011298736,Master Réseau & Télécoms
14011298763,Master Génie Logiciel
14011298764,Master Génie Logiciel
14011298765,Master Génie Logiciel
14011298787,Master Génie Informatique
14011298818,Master Génie Logiciel
14011298823,Master Génie Logiciel
14011298838,Master Réseau & Télécoms
14011298846,Master Réseau & Télécoms
14011298851,Master Génie Logiciel
14011298861,Master Réseau & Télécoms
14011298862,Master Réseau & Télécoms
14011298871,Master Réseau & Télécoms
14011298877,Master Réseau & Télécoms
14011298895,Master Réseau & Télécoms
14011298919,Master Réseau & Télécoms
14011298925,Master Réseau & Télécoms
14011298927,Master Réseau & Télécoms
14011298935,Master Réseau & Télécoms
14011298955,Master Génie Logiciel
14011298962,Master Réseau & Télécoms
14011298964,Master Réseau & Télécoms
14011298977,Master Réseau & Télécoms
14011298979,Master Génie Informatique
14011299010,Master Génie Logiciel
14011299024,Master Réseau & Télécoms
14011299032,Master Génie Logiciel
14011299038,Master Réseau & Télécoms
14011299110,Master Réseau & Télécoms
14011299116,Master Génie Informatique
14011299118,Master Génie Logiciel
14011299122,Master Réseau & Télécoms
14011299136,Master Génie Logiciel
14011299174,Master Génie Logiciel
14011299180,Master Génie Informatique
14011299188,Master Génie Informatique
14011399236,Master Génie Logiciel
14011399238,Master Génie Informatique
14011399245,Master Génie Logiciel
14011399247,Master Génie Logiciel
14011399251,Master Génie Logiciel
14011399259,Master Génie Informatique
14011399261,Master Génie Logiciel
14011399266,Master Génie Logiciel
14011499270,Master Réseau & Télécoms
14011499272,Master Génie Informatique
14011499274,Master Génie Logiciel
14011499276,Master Génie Informatique
14011499286,Master Génie Logiciel
